{"cameraMode":{"drawMode":0,"name":"Shaded","section":"Shading Mode"},"sceneLighting":false,"audioPlay":false,"sceneViewState":{"m_AlwaysRefresh":false,"showFog":false,"showSkybox":false,"showFlares":false,"showImageEffects":false,"showParticleSystems":false,"showVisualEffectGraphs":true,"m_FxEnabled":true},"in2DMode":false,"pivot":{"x":4.172325134277344e-7,"y":0.8783712387084961,"z":0.005889609456062317},"rotation":{"x":0.013813523575663567,"y":0.9700384140014648,"z":-0.2358424812555313,"w":0.0568116120994091},"size":1.3227510452270508,"orthographic":true}