{"cameraMode":{"drawMode":0,"name":"Shaded","section":"Shading Mode"},"sceneLighting":false,"audioPlay":false,"sceneViewState":{"m_AlwaysRefresh":false,"showFog":false,"showSkybox":false,"showFlares":false,"showImageEffects":false,"showParticleSystems":false,"showVisualEffectGraphs":true,"m_FxEnabled":true},"in2DMode":false,"pivot":{"x":-0.1145489513874054,"y":0.89604651927948,"z":-0.041356608271598819},"rotation":{"x":-0.010951828211545945,"y":-0.9880610704421997,"z":0.08408955484628678,"w":-0.12877854704856873},"size":0.9387563467025757,"orthographic":true}