{"cameraMode":{"drawMode":0,"name":"Shaded","section":"Shading Mode"},"sceneLighting":false,"audioPlay":false,"sceneViewState":{"m_AlwaysRefresh":false,"showFog":false,"showSkybox":false,"showFlares":false,"showImageEffects":false,"showParticleSystems":false,"showVisualEffectGraphs":true,"m_FxEnabled":true},"in2DMode":false,"pivot":{"x":-0.13648197054862977,"y":1.136884331703186,"z":-0.003049299120903015},"rotation":{"x":0.005329850595444441,"y":-0.9946016073226929,"z":-0.06633830815553665,"w":-0.0798415020108223},"size":0.9990615248680115,"orthographic":true}