{"cameraMode":{"drawMode":0,"name":"Shaded","section":"Shading Mode"},"sceneLighting":true,"audioPlay":false,"sceneViewState":{"m_AlwaysRefresh":false,"showFog":true,"showSkybox":true,"showFlares":true,"showImageEffects":true,"showParticleSystems":true,"showVisualEffectGraphs":true,"m_FxEnabled":true},"in2DMode":false,"pivot":{"x":0.6379234194755554,"y":-0.47409987449645998,"z":-4.056361675262451},"rotation":{"x":0.013813523575663567,"y":0.9700384140014648,"z":-0.2358424812555313,"w":0.0568116120994091},"size":2.9570984840393068,"orthographic":true}