{"cameraMode":{"drawMode":0,"name":"Shaded","section":"Shading Mode"},"sceneLighting":true,"audioPlay":false,"sceneViewState":{"m_AlwaysRefresh":false,"showFog":true,"showSkybox":true,"showFlares":true,"showImageEffects":true,"showParticleSystems":true,"showVisualEffectGraphs":true,"m_FxEnabled":true},"in2DMode":false,"pivot":{"x":0.6379234194755554,"y":-0.47409987449645998,"z":-4.056361675262451},"rotation":{"x":0.018196243792772294,"y":0.9803589582443237,"z":-0.1632426232099533,"w":0.10926854610443115},"size":2.9570984840393068,"orthographic":true}